hospital_name,code,description,n_rates,median_price,min_price,max_price,p10,p90,n_unique_payers,cv,iqr,p90_p10_ratio
EvergreenHealth Medical Center,43239,Upper endoscopy (EGD) with biopsy,62,2916.0,213.04,4699.0,961.32,2916.0,31,0.37561261134204865,1312.66,3.0333291723879663
EvergreenHealth Medical Center,45378,Colonoscopy diagnostic,62,3294.0,284.11,4699.0,969.25,3294.0,31,0.3781838995198009,1081.6825,3.398503997936549
EvergreenHealth Medical Center,45385,Colonoscopy with polyp removal,62,4200.0,389.55,4699.0,1251.46,4200.0,31,0.3833111224719758,1828.23,3.356080098445016
EvergreenHealth Medical Center,64721,Carpal tunnel release,62,6012.0,705.46,6012.0,2047.58,6012.0,31,0.32305752894495554,1602.6899999999996,2.9361490149347036
Harborview Medical Center,163,Major chest procedures with MCC,10,67850.41,41995.73,126811.37,48380.653999999995,105390.52399999999,10,0.34841567343159385,27243.054999999993,2.1783608795366844
Harborview Medical Center,216,Cardiac valve and other major cardiothoracic procedures,1,108984.77,108984.77,108984.77,108984.77,108984.77,1,0.0,0.0,1.0
Harborview Medical Center,329,Major small and large bowel procedures with MCC,14,71380.34,32680.5,218404.68,41295.381,188134.0660000001,14,0.659738871793856,52008.12000000001,4.5558137845973645
Harborview Medical Center,349,Anal and stomal procedures without CC/MCC,1,12218.7,12218.7,12218.7,12218.7,12218.7,1,0.0,0.0,1.0
Harborview Medical Center,377,GI hemorrhage with MCC,14,19427.775,6734.45,74723.86,12553.01,37884.94,14,0.6272337297319474,15491.8625,3.017996480525388
Harborview Medical Center,411,Cholecystectomy with CDE with MCC,1,20369.5,20369.5,20369.5,20369.5,20369.5,1,0.0,0.0,1.0
Harborview Medical Center,416,Cholecystectomy except laparoscopic without CDE without CC/MCC,1,44542.56,44542.56,44542.56,44542.56,44542.56,1,0.0,0.0,1.0
Harborview Medical Center,417,Laparoscopic cholecystectomy with MCC,3,24702.62,20167.52,59685.18,21074.54,52688.668,3,0.5066372124490047,19758.829999999994,2.500109990538346
Harborview Medical Center,43239,Upper endoscopy (EGD) with biopsy,1,2547.01,2547.01,2547.01,2547.01,2547.01,1,0.0,0.0,1.0
Harborview Medical Center,45378,Colonoscopy diagnostic,1,2647.01,2647.01,2647.01,2647.01,2647.01,1,0.0,0.0,1.0
Harborview Medical Center,45385,Colonoscopy with polyp removal,1,2594.7,2594.7,2594.7,2594.7,2594.7,1,0.0,0.0,1.0
Harborview Medical Center,460,Spinal fusion except cervical without CC/MCC,26,57365.44,37137.21,139250.99,37540.935,124422.94,26,0.4625577467761019,46479.145,3.314327147152835
Harborview Medical Center,466,Revision of hip or knee replacement with MCC,3,52009.09,50799.05,154249.48,51041.058000000005,133801.402,3,0.5658378214763996,51725.215000000004,2.621446483338962
Harborview Medical Center,467,Revision of hip or knee replacement with CC,1,29475.34,29475.34,29475.34,29475.34,29475.34,1,0.0,0.0,1.0
Harborview Medical Center,468,Revision of hip or knee replacement without CC/MCC,1,25972.82,25972.82,25972.82,25972.82,25972.82,1,0.0,0.0,1.0
Harborview Medical Center,469,Major joint replacement with MCC,2,32925.645000000004,31663.88,34187.41,31916.233,33935.057,2,0.03832164867233432,1261.765000000003,1.063253830738734
Harborview Medical Center,470,Major joint replacement or reattachment of lower extremity,1,25756.75,25756.75,25756.75,25756.75,25756.75,1,0.0,0.0,1.0
Harborview Medical Center,471,Cervical spinal fusion with MCC,12,52444.91,34219.97,167743.85,48060.726,131186.831,12,0.5301144678859648,35968.954999999994,2.729605686772189
Harborview Medical Center,472,Cervical spinal fusion with CC,22,31694.510000000002,5159.7,194842.77,27682.953,92776.82900000001,22,0.7321640480993714,39722.104999999996,3.351406513604239
Harborview Medical Center,473,Cervical spinal fusion without CC/MCC,13,27369.1,23515.38,111905.51,24068.68,86624.082,13,0.6128055566350936,31485.839999999997,3.5990375043417417
Harborview Medical Center,480,Hip and femur procedures except major joint with MCC,19,52494.79,26569.98,223092.84,30116.466,160073.242,19,0.7779718139461466,49802.535,5.3151402956774545
Harborview Medical Center,481,Hip and femur procedures except major joint with CC,23,26379.63,19589.47,290355.22,20423.334,156029.60000000003,23,1.0888891123342828,50525.125,7.639771253802148
Harborview Medical Center,482,Hip and femur procedures except major joint without CC/MCC,18,20610.445,13841.81,112443.05,17298.445,60532.16400000001,18,0.7146034817880278,27088.355,3.4992835483189393
Harborview Medical Center,483,Major joint/limb reattachment of upper extremities,8,25863.559999999998,15157.38,62617.86,20284.194,56526.04,8,0.4848589051220954,8318.305,2.7867037753632213
Harborview Medical Center,63030,Lumbar discectomy,2,12500.81,10000.65,15000.97,10500.681999999999,14500.938,1,0.19999984001036733,2500.16,1.3809520181641537
Harborview Medical Center,66984,Cataract surgery,2,3989.315,3191.45,4787.18,3351.0229999999997,4627.607,1,0.2000005013392024,797.8650000000007,1.380953517776512
Harborview Medical Center,743,Uterine and adnexa procedures for non-malignancy,6,13283.425,6000.0,40666.67,9361.075,38492.655,6,0.6435844460958485,17915.639999999996,4.111990877116143
Overlake Medical Center,163,Major chest procedures with MCC,3,1875.0,1197.18,4655.76,1332.7440000000001,4099.608,3,0.5809184641322397,1729.29,3.0760656210044837
Overlake Medical Center,216,Cardiac valve and other major cardiothoracic procedures,3,2383.16,2137.73,7104.58,2186.816,6160.296,3,0.589845640338299,2483.425,2.8170161549942936
Overlake Medical Center,231,Coronary bypass with PTCA with MCC,1,4096.6,4096.6,4096.6,4096.6,4096.6,1,0.0,0.0,1.0
Overlake Medical Center,232,Coronary bypass with PTCA without MCC,2,3979.9849999999997,2588.85,5371.12,2867.0769999999998,5092.893,2,0.34953272436956423,1391.1349999999998,1.7763363174410733
Overlake Medical Center,233,Coronary bypass with cardiac cath,6,2115.7200000000003,1009.55,4683.06,1051.0,4142.265,6,0.5676826883752548,2239.6249999999995,3.941260704091342
Overlake Medical Center,267,Endovascular cardiac valve replacement,3,1188.36,1180.35,1364.24,1181.952,1329.064,3,0.06819938406717371,91.94499999999994,1.1244652913147066
Overlake Medical Center,329,Major small and large bowel procedures with MCC,8,1813.585,1097.19,2769.56,1169.157,2283.368,8,0.28680085023084423,636.1100000000001,1.9530037454336757
Overlake Medical Center,377,GI hemorrhage with MCC,4,2464.385,1241.21,3150.1,1581.347,2971.201,4,0.29657963595641873,611.3000000000002,1.878905135937906
Overlake Medical Center,417,Laparoscopic cholecystectomy with MCC,7,1301.72,1027.37,11924.35,1048.4479999999999,5760.364000000004,7,1.3167687434924649,476.33500000000004,5.494181876449766
Overlake Medical Center,43239,Upper endoscopy (EGD) with biopsy,1,1915.0,1915.0,1915.0,1915.0,1915.0,1,0.0,0.0,1.0
Overlake Medical Center,45378,Colonoscopy diagnostic,1,1423.0,1423.0,1423.0,1423.0,1423.0,1,0.0,0.0,1.0
Overlake Medical Center,45385,Colonoscopy with polyp removal,1,1518.0,1518.0,1518.0,1518.0,1518.0,1,0.0,0.0,1.0
Overlake Medical Center,460,Spinal fusion except cervical without CC/MCC,2,1280.705,1050.0,1511.41,1096.141,1465.269,2,0.18013906403113913,230.70500000000015,1.3367522973778008
Overlake Medical Center,466,Revision of hip or knee replacement with MCC,4,1729.3649999999998,1243.37,2336.59,1251.149,2292.442,4,0.2876117304718415,963.4024999999999,1.832269377987754
Overlake Medical Center,467,Revision of hip or knee replacement with CC,6,1730.1599999999999,1170.0,2321.96,1393.405,2148.48,6,0.20123337334043812,316.0625,1.5418919840247451
Overlake Medical Center,468,Revision of hip or knee replacement without CC/MCC,5,1878.08,1272.69,2979.49,1502.2820000000002,2705.874,5,0.27527473182759915,448.77999999999975,1.8011758111992286
Overlake Medical Center,469,Major joint replacement with MCC,2,1608.045,1466.09,1750.0,1494.481,1721.609,2,0.0882780021703373,141.95500000000015,1.1519778438133372
Overlake Medical Center,470,Major joint replacement or reattachment of lower extremity,3,1107.88,1013.46,1437.41,1032.344,1371.5040000000001,3,0.1531987564839826,211.9749999999999,1.3285338995528624
Overlake Medical Center,471,Cervical spinal fusion with MCC,2,1572.5,1170.0,1975.0,1250.5,1894.5,2,0.2559618441971383,402.5,1.5149940023990405
Overlake Medical Center,472,Cervical spinal fusion with CC,3,1710.58,1350.0,2292.1,1422.116,2175.796,3,0.21752854781925263,471.04999999999995,1.5299708321965295
Overlake Medical Center,473,Cervical spinal fusion without CC/MCC,1,1585.51,1585.51,1585.51,1585.51,1585.51,1,0.0,0.0,1.0
Overlake Medical Center,480,Hip and femur procedures except major joint with MCC,3,1560.0,1054.54,1980.0,1155.632,1896.0,3,0.24704586815167315,462.73,1.6406606947540392
Overlake Medical Center,481,Hip and femur procedures except major joint with CC,8,1584.2350000000001,1067.71,3386.72,1107.813,2810.2419999999997,8,0.4298774898744068,840.9700000000003,2.5367476279841448
Overlake Medical Center,482,Hip and femur procedures except major joint without CC/MCC,3,1560.0,1050.0,2742.59,1152.0,2506.072,3,0.3973492152476407,846.2950000000001,2.175409722222222
Overlake Medical Center,736,Uterine and adnexa procedures for ovarian malignancy,2,4319.05,1453.63,7184.47,2026.7140000000002,6611.386,2,0.663437561500793,2865.42,3.262120851782738
Overlake Medical Center,740,Uterine and adnexa procedures for non-ovarian malignancy with CC,1,2175.03,2175.03,2175.03,2175.03,2175.03,1,0.0,0.0,1.0
Overlake Medical Center,743,Uterine and adnexa procedures for non-malignancy,5,1346.26,1000.0,3419.03,1134.4479999999999,2719.0820000000003,5,0.48967334465714296,333.0400000000002,2.39683264459896
Overlake Medical Center,768,Vaginal delivery with OR procedure,5,1124.7,1000.0,1380.54,1020.0,1330.728,5,0.11970177732887564,206.01,1.3046352941176471
Overlake Medical Center,783,Cesarean section with sterilization with MCC,1,1265.22,1265.22,1265.22,1265.22,1265.22,1,0.0,0.0,1.0
Overlake Medical Center,784,Cesarean section with sterilization with CC,2,1713.585,1050.0,2377.17,1182.717,2244.453,2,0.3872495382487592,663.585,1.8977092575823293
Overlake Medical Center,785,Cesarean section with sterilization without CC/MCC,2,1765.99,1050.0,2481.98,1193.198,2338.782,2,0.4054326468439799,715.9900000000002,1.9600954745147074
Overlake Medical Center,786,Cesarean section without sterilization with MCC,3,1500.0,1000.0,1802.69,1100.0,1742.152,3,0.23077222008651588,401.345,1.5837745454545455
Overlake Medical Center,787,Cesarean section without sterilization with CC,4,1038.185,1033.57,1682.27,1033.951,1490.048,4,0.23336160808471446,167.19249999999988,1.4411205173165846
Overlake Medical Center,788,Cesarean section without sterilization without CC/MCC,7,1270.46,1000.0,2117.87,1000.0,1776.89,7,0.2789794200617029,423.355,1.77689
Overlake Medical Center,798,Vaginal delivery with sterilization/D&C without CC/MCC,1,1411.84,1411.84,1411.84,1411.84,1411.84,1,0.0,0.0,1.0
Overlake Medical Center,805,Vaginal delivery without sterilization/D&C with MCC,4,1501.625,1183.32,2100.0,1230.738,1968.5610000000001,4,0.22295082912029238,469.5374999999999,1.5994963997211429
Overlake Medical Center,806,Vaginal delivery without sterilization/D&C with CC,4,1087.35,1000.0,1132.04,1015.0,1129.838,4,0.05079121365000034,89.03500000000008,1.1131408866995074
Overlake Medical Center,807,Vaginal delivery without sterilization/D&C without CC/MCC,5,1124.7,1050.0,12563.75,1057.5,8150.594000000001,5,1.3125658731476806,462.1099999999999,7.707417494089835
PeaceHealth St Joseph Medical Center,163,Major chest procedures with MCC,27,206496.16,38086.25,400602.54,45417.08,348726.8980000001,27,0.680268731413362,238823.0,7.678320534917702
PeaceHealth St Joseph Medical Center,19301,Partial mastectomy (lumpectomy),79,13204.8,2218.17,50457.05,5071.610000000001,21893.64,23,0.525562952380026,10199.904999999999,4.316901339022519
PeaceHealth St Joseph Medical Center,19303,Simple complete mastectomy,46,9760.01,2218.17,50457.05,6428.635,17188.335,23,0.6073837926880048,4343.380000000001,2.673714559933796
PeaceHealth St Joseph Medical Center,216,Cardiac valve and other major cardiothoracic procedures,27,184655.88,29872.14,438014.41,96205.716,338815.99600000016,27,0.5207501998007296,150115.72999999998,3.521786543327635
PeaceHealth St Joseph Medical Center,231,Coronary bypass with PTCA with MCC,27,164438.53,27894.86,375520.63,84470.972,304330.2440000001,27,0.5085191545226388,145844.785,3.602778999630786
PeaceHealth St Joseph Medical Center,232,Coronary bypass with PTCA without MCC,27,193906.8,36841.02,376179.19,60893.784,346705.716,27,0.5897137575969967,244363.39500000002,5.6936142447642935
PeaceHealth St Joseph Medical Center,233,Coronary bypass with cardiac cath,27,78514.97,8065.96,318205.64,42453.89,202343.8320000003,27,0.7707449097724136,20539.195000000007,4.766202390405221
PeaceHealth St Joseph Medical Center,23472,Total shoulder replacement,45,23462.47,6386.03,142285.36,16194.529999999999,36273.72000000001,23,0.7118910150091119,8520.630000000001,2.2398748219306155
PeaceHealth St Joseph Medical Center,246,Percutaneous cardiovascular proc with drug-eluting stent with MCC,15,20437.63,2447.07,25759.55,12879.78,25759.55,15,0.3490887760416887,11076.6,1.9999992235892226
PeaceHealth St Joseph Medical Center,247,Percutaneous cardiovascular proc with drug-eluting stent without MCC,15,26409.79,3162.14,33286.85,16643.42,33286.85,15,0.3490888818632541,14313.345000000001,2.000000600838049
PeaceHealth St Joseph Medical Center,248,Percutaneous cardiovascular proc with non-drug-eluting stent,15,40347.6,4830.97,50854.05,25427.02,50854.05,15,0.3490888614248556,21867.245,2.0000003932824217
PeaceHealth St Joseph Medical Center,267,Endovascular cardiac valve replacement,27,88489.65,13305.36,191528.34,46898.19,151818.32000000007,27,0.4915270878500712,80048.035,3.2371893243641185
PeaceHealth St Joseph Medical Center,27130,Total hip arthroplasty,45,29774.0,6324.51,99551.63,16415.79,55116.87,23,0.48496907371398373,17365.199999999997,3.3575520885683843
PeaceHealth St Joseph Medical Center,27447,Total knee arthroplasty,46,20125.0,5345.09,99551.63,8136.03,42590.31,23,0.6800923076480914,17970.784999999996,5.234777895361742
PeaceHealth St Joseph Medical Center,29826,Shoulder bone shaving and ligament repair (arthroscopic),35,2750.76,170.49,5855.89,173.8,4624.928000000002,23,0.7685417615734481,3620.8050000000003,26.610632911392415
PeaceHealth St Joseph Medical Center,29827,Rotator cuff repair (arthroscopic),34,7975.56,3751.56,55271.6,4418.281,11289.189999999999,23,0.9048251629624109,3402.6399999999994,2.5551091023861994
PeaceHealth St Joseph Medical Center,29881,Arthroscopy knee meniscectomy,45,7810.3,1508.8,25103.82,4139.55,12468.225999999999,23,0.47695183334258634,4489.879999999999,3.0119761809858554
PeaceHealth St Joseph Medical Center,329,Major small and large bowel procedures with MCC,27,110920.24,21074.12,219352.67,45773.748,204093.25200000004,27,0.5440822397138408,122378.03499999999,4.458740236871144
PeaceHealth St Joseph Medical Center,341,Appendectomy without complicated diag with MCC,15,64064.7,8961.02,91499.91,45195.712,87726.71399999999,15,0.3379686747789086,28332.799999999996,1.9410406456258504
PeaceHealth St Joseph Medical Center,342,Appendectomy without complicated diag with CC,15,39765.75,5452.68,55676.64,27723.879999999997,53380.698,15,0.3372534335701423,17240.185,1.9254410998749094
PeaceHealth St Joseph Medical Center,343,Appendectomy without complicated diag without CC/MCC,15,30988.71,4608.0,47051.7,22276.922,45111.424,15,0.34352267981335965,14569.480000000003,2.0250294901602657
PeaceHealth St Joseph Medical Center,349,Anal and stomal procedures without CC/MCC,27,8427.2,800.56,35861.44,4213.6,22803.944000000032,27,0.8222190442678523,2796.99,5.41198595025632
PeaceHealth St Joseph Medical Center,350,Inguinal and femoral hernia procedures with MCC,27,23138.67,2198.1,98465.28,11569.34,62613.100000000086,27,0.8222194538762975,7679.7249999999985,5.411985471945685
PeaceHealth St Joseph Medical Center,377,GI hemorrhage with MCC,27,55000.65,12587.14,128525.73,18124.487999999998,111882.41000000002,27,0.6458571019598109,51092.06999999999,6.17299699721173
PeaceHealth St Joseph Medical Center,411,Cholecystectomy with CDE with MCC,27,26177.97,2486.82,111398.84,13088.98,70837.4280000001,27,0.8222194890659297,8688.470000000001,5.4119899335166
PeaceHealth St Joseph Medical Center,412,Cholecystectomy with CDE with CC,27,50387.04,9573.21,97750.87,21248.564000000002,88345.13600000001,27,0.5128055364864479,54344.66,4.157699127338676
PeaceHealth St Joseph Medical Center,416,Cholecystectomy except laparoscopic without CDE without CC/MCC,27,49351.86,11272.86,115105.84,13658.662,100200.31600000002,27,0.6722437757008692,56293.57,7.336027203835926
PeaceHealth St Joseph Medical Center,417,Laparoscopic cholecystectomy with MCC,27,85596.78,20811.17,212500.36,23689.82,184982.83000000005,27,0.6891663508153332,113685.54999999999,7.808536747007788
PeaceHealth St Joseph Medical Center,42826,Tonsillectomy (age 12+),23,6570.0,1248.26,25091.91,4074.5420000000004,12351.6,23,0.6456697868212221,4403.41,3.031408192626312
PeaceHealth St Joseph Medical Center,43239,Upper endoscopy (EGD) with biopsy,90,1740.49,230.71,7254.03,1166.4340000000002,3135.409,23,0.5073476636953012,1175.54,2.688029498454263
PeaceHealth St Joseph Medical Center,44970,Laparoscopic appendectomy,45,18364.72,4178.49,45140.94,7443.62,31355.528,23,0.5073461250222497,13663.310000000001,4.212403104940876
PeaceHealth St Joseph Medical Center,45378,Colonoscopy diagnostic,68,2398.31,461.43,7159.57,1163.18,4771.813,23,0.5553496561174032,2111.87,4.102385701267216
PeaceHealth St Joseph Medical Center,45385,Colonoscopy with polyp removal,79,1754.25,609.69,9122.61,928.7420000000001,4141.75,23,0.6512840234405375,1712.7949999999996,4.459526973045259
PeaceHealth St Joseph Medical Center,460,Spinal fusion except cervical without CC/MCC,15,116497.44,19391.12,198000.41,85392.284,189835.44,15,0.36550940632314055,61310.51999999999,2.223098283680994
PeaceHealth St Joseph Medical Center,466,Revision of hip or knee replacement with MCC,27,53611.65,7436.4,207401.17,39140.28,131884.3520000002,27,0.6364190885819018,26906.339999999997,3.369530110668605
PeaceHealth St Joseph Medical Center,467,Revision of hip or knee replacement with CC,27,86257.66,16388.39,167339.87,34143.64,145769.45400000003,27,0.5363433678940356,87324.70000000001,4.269300344075794
PeaceHealth St Joseph Medical Center,468,Revision of hip or knee replacement without CC/MCC,27,94486.02,18835.57,192327.72,26150.022,167422.42200000002,27,0.6345644656498179,103711.845,6.402381688244851
PeaceHealth St Joseph Medical Center,469,Major joint replacement with MCC,27,62540.48,10824.52,133068.78,32583.59,113409.52,27,0.4874129785167579,61578.225,3.4805716619930465
PeaceHealth St Joseph Medical Center,470,Major joint replacement or reattachment of lower extremity,27,35917.43,5796.19,67911.94,18795.356,59159.31,27,0.4644149190650585,33810.895000000004,3.1475493201618527
PeaceHealth St Joseph Medical Center,471,Cervical spinal fusion with MCC,27,92935.44,15468.92,197740.68,48419.366,164750.84200000003,27,0.4880354087522438,93585.91999999998,3.402581562096456
PeaceHealth St Joseph Medical Center,472,Cervical spinal fusion with CC,27,85819.01,16305.05,166488.88,28880.352,144929.56400000004,27,0.5631846633392528,82704.4,5.018275539023903
PeaceHealth St Joseph Medical Center,473,Cervical spinal fusion without CC/MCC,27,53802.6,10222.14,104377.04,23599.115999999998,96563.982,27,0.50665454504466,60356.31999999999,4.091847423437387
PeaceHealth St Joseph Medical Center,47562,Laparoscopic cholecystectomy,23,13278.5,2326.82,45140.94,7330.188,24963.58,23,0.636607855587684,9818.43,3.405585231920382
PeaceHealth St Joseph Medical Center,480,Hip and femur procedures except major joint with MCC,27,57160.0,10370.09,119728.11,29316.98,105904.202,27,0.4873018899416246,58990.75,3.6123844270453507
PeaceHealth St Joseph Medical Center,481,Hip and femur procedures except major joint with CC,27,58392.32,11094.16,113281.1,20683.39,98611.87600000002,27,0.5523766512917702,55986.405,4.767684407633372
PeaceHealth St Joseph Medical Center,482,Hip and femur procedures except major joint without CC/MCC,27,36854.5,7002.11,71497.74,15813.807999999999,65284.648,27,0.5108306704094998,40444.92,4.128331898300523
PeaceHealth St Joseph Medical Center,483,Major joint/limb reattachment of upper extremities,27,45214.33,7670.02,103737.22,25401.39,83703.03600000002,27,0.4867877484180781,42948.149999999994,3.2952147894268786
PeaceHealth St Joseph Medical Center,49505,Open inguinal hernia repair,57,7894.8,1775.49,46057.42,4502.45,14218.073999999997,23,0.6953094786948683,4795.5,3.157852724627702
PeaceHealth St Joseph Medical Center,49507,Open incarcerated inguinal hernia repair,58,7775.57,553.83,46057.42,3498.6420000000003,24886.317000000014,23,0.7930185646584871,12042.55,7.11313618255312
PeaceHealth St Joseph Medical Center,49650,Laparoscopic inguinal hernia repair,57,24138.4,2378.69,62976.28,7301.83,45799.564,23,0.66542016997667,27481.119999999995,6.272340495464835
PeaceHealth St Joseph Medical Center,55866,Laparoscopic radical prostatectomy,23,40849.67,7761.17,80552.5,13080.482,76797.378,23,0.6731229705609347,39821.68,5.8711428218012145
PeaceHealth St Joseph Medical Center,582,Mastectomy for malignancy with CC/MCC,27,63074.72,14300.18,146017.42,17456.596,127109.03000000003,27,0.6620864831705169,71274.025,7.2814327604305
PeaceHealth St Joseph Medical Center,583,Mastectomy for malignancy without CC/MCC,27,50682.24,9629.29,98323.56,16375.039999999999,85591.23800000001,27,0.5833019944954216,48171.30500000001,5.226933063980303
PeaceHealth St Joseph Medical Center,58571,Laparoscopic hysterectomy with tubes/ovaries,35,20724.5,3233.4,80552.5,13131.083999999999,35977.732,23,0.5769777065363253,13510.685000000001,2.739890476673518
PeaceHealth St Joseph Medical Center,58661,Laparoscopic removal of ovaries/tubes,68,9394.575,2856.65,45140.94,5693.393,18443.334000000003,23,0.5578726622978104,5849.68,3.2394275259059055
PeaceHealth St Joseph Medical Center,59514,Cesarean delivery,23,5487.09,887.57,27671.19,904.81,25217.868000000002,23,0.9572955780191075,17544.885000000002,27.870898862744667
PeaceHealth St Joseph Medical Center,63030,Lumbar discectomy,100,10283.81,3187.74,55271.6,5586.34,20545.85,23,0.5869222577976083,7339.8175,3.677873169194857
PeaceHealth St Joseph Medical Center,63047,Lumbar laminectomy,57,7636.34,3105.84,55271.6,4527.26,11570.129999999997,23,0.7859064656315721,3911.7999999999993,2.555658389401094
PeaceHealth St Joseph Medical Center,64721,Carpal tunnel release,46,6953.1,917.97,15108.79,2491.4,12475.8,23,0.5490074348029036,5410.949999999999,5.007545958095849
PeaceHealth St Joseph Medical Center,714,Transurethral prostatectomy without CC/MCC,27,8989.71,853.99,38255.19,4494.85,24326.096000000034,27,0.8222193955082522,2983.6850000000013,5.411992836245933
PeaceHealth St Joseph Medical Center,734,Pelvic evisceration / radical hysterectomy,27,20116.6,1911.01,85604.99,10058.3,54435.38000000007,27,0.8222191253359352,6676.700000000001,5.411986120915072
PeaceHealth St Joseph Medical Center,736,Uterine and adnexa procedures for ovarian malignancy,27,37669.35,3578.46,160299.7,18834.68,101933.01200000015,27,0.822219217167791,12502.46,5.411985337685596
PeaceHealth St Joseph Medical Center,740,Uterine and adnexa procedures for non-ovarian malignancy with CC,27,18264.65,427.09,74022.99,9568.7,47070.492000000064,27,0.7881917883210763,4914.895,4.919214940378532
PeaceHealth St Joseph Medical Center,743,Uterine and adnexa procedures for non-malignancy,27,21401.24,3629.66,48799.08,11949.08,39507.142000000014,27,0.4890387250903023,21178.505,3.306291530393973
PeaceHealth St Joseph Medical Center,768,Vaginal delivery with OR procedure,27,21661.91,3804.58,44630.37,10928.33,39103.478,27,0.4852882873281914,20891.244999999995,3.5781750734101188
PeaceHealth St Joseph Medical Center,783,Cesarean section with sterilization with MCC,27,34353.17,5827.57,66348.76,18362.74,58768.46,27,0.46218693764578217,32740.504999999997,3.2004188917340217
PeaceHealth St Joseph Medical Center,784,Cesarean section with sterilization with CC,27,22732.52,4319.03,44101.1,10795.746,39771.91,27,0.4808611216759765,20784.89,3.68403535985378
PeaceHealth St Joseph Medical Center,785,Cesarean section with sterilization without CC/MCC,27,25322.1,4811.03,49124.87,8707.378,42763.49400000001,27,0.5582760855812953,22827.11,4.911179232140836
PeaceHealth St Joseph Medical Center,786,Cesarean section without sterilization with MCC,27,35910.0,8272.0,84464.4,16107.892,73526.76000000002,27,0.5647579251833335,32121.26,4.5646419779819745
PeaceHealth St Joseph Medical Center,787,Cesarean section without sterilization with CC,27,29697.82,5642.39,57613.78,10584.426000000001,50397.18400000001,27,0.5550094791036116,28690.399999999994,4.761447054379708
PeaceHealth St Joseph Medical Center,788,Cesarean section without sterilization without CC/MCC,27,24372.22,4630.56,47282.12,9018.374,41159.36200000001,27,0.5430871889953417,23248.260000000002,4.563944897383942
PeaceHealth St Joseph Medical Center,796,Vaginal delivery with sterilization/D&C with MCC,27,30908.25,5872.36,59962.0,12725.636,53436.174000000006,27,0.5241950712278081,32546.61,4.199096532385494
PeaceHealth St Joseph Medical Center,797,Vaginal delivery with sterilization/D&C with CC,27,16888.45,2315.74,39415.42,9651.369999999999,31740.30600000001,27,0.5134791976728933,12360.235000000002,3.288683989941326
PeaceHealth St Joseph Medical Center,798,Vaginal delivery with sterilization/D&C without CC/MCC,27,9262.35,879.89,39415.42,4631.18,25063.872000000036,27,0.8222198202961585,3074.17,5.411983986802507
PeaceHealth St Joseph Medical Center,805,Vaginal delivery without sterilization/D&C with MCC,27,16595.32,2815.18,30587.7,9948.42,28765.836,27,0.4386333124013699,16867.905,2.8914979464075703
PeaceHealth St Joseph Medical Center,806,Vaginal delivery without sterilization/D&C with CC,27,19319.03,3670.49,37478.91,7213.11,32625.614000000005,27,0.5430154700058938,14788.220000000001,4.523099467497377
PeaceHealth St Joseph Medical Center,807,Vaginal delivery without sterilization/D&C without CC/MCC,27,15274.1,2901.98,29631.75,6352.854,25794.618000000006,27,0.5085357000952623,13234.004999999997,4.060319661053128
PeaceHealth United General Hospital,19301,Partial mastectomy (lumpectomy),59,6013.45,2746.3,8739.0,2883.62,8479.056,30,0.35295183770658023,3973.2800000000007,2.9404207211768543
PeaceHealth United General Hospital,19303,Simple complete mastectomy,60,9072.27,3278.45,17356.5,3442.38,16425.035,30,0.4549815016060489,6129.445,4.771418321045323
PeaceHealth United General Hospital,29826,Shoulder bone shaving and ligament repair (arthroscopic),60,3291.25,1386.92,5924.25,1456.27,5606.311,30,0.3980575461944904,2048.0350000000003,3.8497744236989018
PeaceHealth United General Hospital,29827,Rotator cuff repair (arthroscopic),59,6582.5,2773.85,11848.5,3260.708,11235.012,30,0.38523146642664874,3772.635,3.44557439672611
PeaceHealth United General Hospital,29881,Arthroscopy knee meniscectomy,60,7054.48,3250.9,10197.0,3384.27,10023.98,30,0.3607405831710418,5556.6849999999995,2.9619327063148035
PeaceHealth United General Hospital,43239,Upper endoscopy (EGD) with biopsy,88,674.34,195.56,1820.7,337.16,1477.6009999999999,30,0.5554074580886749,714.2950000000001,4.382491991932613
PeaceHealth United General Hospital,45378,Colonoscopy diagnostic,30,1315.85,609.58,1891.8,638.841,1879.61,30,0.35886126517918054,920.1524999999999,2.94221879935696
PeaceHealth United General Hospital,45385,Colonoscopy with polyp removal,30,1559.365,438.44,2241.9,744.06,2227.45,30,0.3746528997489969,1090.4374999999998,2.9936429857807165
PeaceHealth United General Hospital,47562,Laparoscopic cholecystectomy,30,7825.0,3625.0,11250.0,3761.434,11177.5,30,0.36069604563391455,5471.875,2.9716060417383368
PeaceHealth United General Hospital,49505,Open inguinal hernia repair,59,3676.67,1483.83,6618.01,1744.268,6275.342000000001,30,0.3995491615013943,2078.8500000000004,3.5976937030318736
PeaceHealth United General Hospital,49507,Open incarcerated inguinal hernia repair,30,6228.7,2885.5,8955.0,2994.101,8897.29,30,0.3606959993060549,4355.612499999999,2.9716065022522624
PeaceHealth United General Hospital,49650,Laparoscopic inguinal hernia repair,90,11043.325,4008.72,25830.0,5077.9,20744.360000000008,30,0.47691529687745726,6641.049999999999,4.085224206857167
PeaceHealth United General Hospital,64721,Carpal tunnel release,147,3259.75,643.08,11763.0,1167.76,8158.294000000002,30,0.7156724231656119,2987.0100000000007,6.9862762896485595
Providence Regional Medical Center Everett,163,Major chest procedures with MCC,14,41368.715,11746.71,234051.1,18433.572,119474.77700000002,14,0.822606010913146,54703.4275,6.481368722242223
Providence Regional Medical Center Everett,216,Cardiac valve and other major cardiothoracic procedures,7,86821.21,81290.96,227531.82,83478.92,209967.17400000003,7,0.476669907261248,57135.264999999985,2.515211912180944
Providence Regional Medical Center Everett,233,Coronary bypass with cardiac cath,11,67100.14,43486.79,259903.56,44174.97,180084.25,11,0.7086770649653686,22153.870000000003,4.07661284206871
Providence Regional Medical Center Everett,267,Endovascular cardiac valve replacement,12,44171.055,41454.2,130145.17,41751.046,110972.77200000001,12,0.4987025575436974,20453.195,2.6579638747254384
Providence Regional Medical Center Everett,329,Major small and large bowel procedures with MCC,18,44408.229999999996,4831.52,110159.68,29197.037,101695.948,18,0.5463471565487642,57511.7025,3.483091383553749
Providence Regional Medical Center Everett,349,Anal and stomal procedures without CC/MCC,2,8914.189999999999,8712.3,9116.08,8752.678,9075.702,2,0.022648159844024008,201.89000000000124,1.036905733308137
Providence Regional Medical Center Everett,350,Inguinal and femoral hernia procedures with MCC,2,16833.605,12453.43,21213.78,13329.465,20337.745,2,0.26020421650620884,4380.174999999997,1.5257735400483063
Providence Regional Medical Center Everett,377,GI hemorrhage with MCC,19,16241.74,7388.14,47646.52,9289.132,41644.304,19,0.597059246420867,10498.635000000002,4.483121135537744
Providence Regional Medical Center Everett,411,Cholecystectomy with CDE with MCC,2,47175.15,25600.55,68749.75,29915.469999999998,64434.829999999994,2,0.4573297594178291,21574.6,2.1538966294027806
Providence Regional Medical Center Everett,412,Cholecystectomy with CDE with CC,1,17906.8,17906.8,17906.8,17906.8,17906.8,1,0.0,0.0,1.0
Providence Regional Medical Center Everett,417,Laparoscopic cholecystectomy with MCC,8,24072.015,19485.75,56798.35,19707.937,55128.479,8,0.4743621083362032,32278.6,2.7972729464276243
Providence Regional Medical Center Everett,460,Spinal fusion except cervical without CC/MCC,12,36944.024999999994,30015.47,114956.03,31156.453,86827.017,12,0.5062109134924344,40462.872500000005,2.786806861487089
Providence Regional Medical Center Everett,466,Revision of hip or knee replacement with MCC,3,47504.93,45483.41,106743.03,45887.714,94895.41,3,0.4267768173971587,30629.809999999998,2.067991663302295
Providence Regional Medical Center Everett,467,Revision of hip or knee replacement with CC,8,67298.69,26199.66,84686.52,28796.674,83698.057,8,0.4218129975456237,51548.287500000006,2.9065181972056915
Providence Regional Medical Center Everett,468,Revision of hip or knee replacement without CC/MCC,9,41835.06,23115.15,80404.15,23409.174,68198.342,9,0.4729586095952697,40321.99,2.913316890207233
Providence Regional Medical Center Everett,469,Major joint replacement with MCC,2,22449.055,17236.7,27661.41,18279.171000000002,26618.939,2,0.23218594279358304,5212.354999999996,1.4562443231150908
Providence Regional Medical Center Everett,470,Major joint replacement or reattachment of lower extremity,14,16968.775,13577.49,45016.35,15605.465,43089.896,14,0.4865106406173548,17835.990000000005,2.7612055135813
Providence Regional Medical Center Everett,471,Cervical spinal fusion with MCC,4,45758.515,35426.95,61204.69,38329.75,56767.507000000005,4,0.19590324710696688,7427.782500000001,1.4810299310587731
Providence Regional Medical Center Everett,472,Cervical spinal fusion with CC,10,36531.24,21258.98,71726.28,21758.246000000003,65049.711,10,0.44458850707654457,33722.63249999999,2.9896578520161965
Providence Regional Medical Center Everett,473,Cervical spinal fusion without CC/MCC,9,29683.3,21586.82,127880.25,21840.564,91086.274,9,0.6722557478939312,46288.34,4.1705092414280145
Providence Regional Medical Center Everett,480,Hip and femur procedures except major joint with MCC,12,35765.325,20870.91,109336.46,22545.233,75969.99500000001,12,0.5728831992211968,43713.01499999999,3.369669987442579
Providence Regional Medical Center Everett,481,Hip and femur procedures except major joint with CC,19,19057.24,14375.23,51688.54,16834.29,48501.138,19,0.4746969681712109,6519.779999999999,2.8810919854653805
Providence Regional Medical Center Everett,482,Hip and femur procedures except major joint without CC/MCC,8,15129.515,12971.18,41513.0,13263.024000000001,37459.601,8,0.49992828843393783,20516.719999999998,2.8243635086538332
Providence Regional Medical Center Everett,483,Major joint/limb reattachment of upper extremities,4,22440.425,16282.37,58337.5,17999.462,47698.70200000001,4,0.5565409517316078,11165.405000000002,2.6500070946564964
Providence Regional Medical Center Everett,49505,Open inguinal hernia repair,1,1918.28,1918.28,1918.28,1918.28,1918.28,1,0.0,0.0,1.0
Providence Regional Medical Center Everett,582,Mastectomy for malignancy with CC/MCC,1,37603.13,37603.13,37603.13,37603.13,37603.13,1,0.0,0.0,1.0
Providence Regional Medical Center Everett,583,Mastectomy for malignancy without CC/MCC,1,24298.35,24298.35,24298.35,24298.35,24298.35,1,0.0,0.0,1.0
Providence Regional Medical Center Everett,734,Pelvic evisceration / radical hysterectomy,1,37383.83,37383.83,37383.83,37383.83,37383.83,1,0.0,0.0,1.0
Providence Regional Medical Center Everett,736,Uterine and adnexa procedures for ovarian malignancy,1,87788.52,87788.52,87788.52,87788.52,87788.52,1,0.0,0.0,1.0
Providence Regional Medical Center Everett,740,Uterine and adnexa procedures for non-ovarian malignancy with CC,8,14601.175,11901.57,41575.92,12406.529,26649.903999999995,8,0.5025834841865766,3271.9325000000026,2.148054786314528
Providence Regional Medical Center Everett,743,Uterine and adnexa procedures for non-malignancy,14,13761.5,9323.52,28646.54,9834.186,27203.517,14,0.42045143640849586,13945.595,2.766219491882704
Providence Regional Medical Center Everett,768,Vaginal delivery with OR procedure,15,13709.38,3783.7,23852.2,3925.276,21280.86,15,0.5595042961123141,15418.134999999998,5.421493928070281
Providence Regional Medical Center Everett,783,Cesarean section with sterilization with MCC,6,18779.095,6672.41,40335.63,7927.15,36234.34,6,0.5681944710284682,17257.8225,4.570916407536125
Providence Regional Medical Center Everett,784,Cesarean section with sterilization with CC,13,13686.15,5546.86,35048.88,5839.292,24383.66,13,0.5908107321789219,14364.170000000002,4.175790489668953
Providence Regional Medical Center Everett,785,Cesarean section with sterilization without CC/MCC,15,12554.14,5546.86,26137.88,5694.212,20671.645999999997,15,0.5258020805769682,12486.51,3.630290898898741
Providence Regional Medical Center Everett,786,Cesarean section without sterilization with MCC,16,19449.035,7081.37,37721.06,8663.61,35293.405,16,0.46356865711903184,8578.289999999999,4.0737527427942855
Providence Regional Medical Center Everett,787,Cesarean section without sterilization with CC,16,17404.34,6153.18,25047.76,6554.555,23953.59,16,0.444274249159266,14814.952500000001,3.6544952327045848
Providence Regional Medical Center Everett,788,Cesarean section without sterilization without CC/MCC,20,13490.835,5546.86,36752.31,5641.945000000001,20375.77,20,0.518543850353978,10229.8475,3.611479729065065
Providence Regional Medical Center Everett,796,Vaginal delivery with sterilization/D&C with MCC,2,27905.795000000002,22699.04,33112.55,23740.391,32071.199000000004,2,0.1865832885248387,5206.754999999997,1.3509128387986535
Providence Regional Medical Center Everett,797,Vaginal delivery with sterilization/D&C with CC,3,11290.34,5487.67,22491.41,6648.204,20251.196,3,0.5391523898098558,8501.869999999999,3.046115311744345
Providence Regional Medical Center Everett,798,Vaginal delivery with sterilization/D&C without CC/MCC,4,5282.095,4917.26,17000.0,5010.05,13501.289,4,0.6316189180802181,3103.9874999999993,2.6948411692498078
Providence Regional Medical Center Everett,805,Vaginal delivery without sterilization/D&C with MCC,16,11059.21,3722.72,22346.96,4104.9,20883.33,16,0.5601056378323679,14532.857500000002,5.0874150405612815
Providence Regional Medical Center Everett,806,Vaginal delivery without sterilization/D&C with CC,21,8893.46,3653.14,28869.55,3722.72,15696.14,21,0.6014043747264861,10038.5,4.216309580091976
Providence Regional Medical Center Everett,807,Vaginal delivery without sterilization/D&C without CC/MCC,23,9494.46,2296.52,14393.6,3253.014,13684.296,23,0.4721098854106628,8622.519999999999,4.206651431564697
Swedish Edmonds,329,Major small and large bowel procedures with MCC,14,38096.745,19356.5,116673.46,25430.064000000002,81965.07800000002,14,0.5299978330969898,16977.15,3.2231565756185283
Swedish Edmonds,349,Anal and stomal procedures without CC/MCC,5,8695.26,8387.86,8934.57,8463.48,8905.094,5,0.022612437791391004,283.96999999999935,1.0521787727979506
Swedish Edmonds,350,Inguinal and femoral hernia procedures with MCC,1,20048.88,20048.88,20048.88,20048.88,20048.88,1,0.0,0.0,1.0
Swedish Edmonds,377,GI hemorrhage with MCC,14,15931.02,11774.59,46245.24,12383.866,40931.400000000016,14,0.5077463646637426,9591.132500000002,3.305219872372651
Swedish Edmonds,412,Cholecystectomy with CDE with CC,2,29141.199999999997,18402.48,39879.92,20550.224,37732.176,2,0.36850644448409814,10738.719999999998,1.8360956065491063
Swedish Edmonds,417,Laparoscopic cholecystectomy with MCC,4,20376.29,19221.23,26620.91,19231.172,25084.100000000002,4,0.13928869951224823,3532.7999999999993,1.3043458817798521
Swedish Edmonds,467,Revision of hip or knee replacement with CC,1,28060.15,28060.15,28060.15,28060.15,28060.15,1,0.0,0.0,1.0
Swedish Edmonds,468,Revision of hip or knee replacement without CC/MCC,3,23208.56,23037.75,42585.72,23071.912,38710.288,3,0.3098546591856852,9773.985,1.6778101442134488
Swedish Edmonds,469,Major joint replacement with MCC,2,41907.045,28740.57,55073.52,31373.864999999998,52440.225,2,0.3141828539807567,13166.475000000006,1.6714620592649327
Swedish Edmonds,470,Major joint replacement or reattachment of lower extremity,4,16942.315000000002,13373.82,54293.44,14346.594000000001,43185.87700000001,4,0.659904254061978,10718.7775,3.010183253251608
Swedish Edmonds,480,Hip and femur procedures except major joint with MCC,6,25276.685,18823.7,44592.72,21352.03,35142.805,6,0.2970488642966102,1372.3349999999991,1.645876527899221
Swedish Edmonds,481,Hip and femur procedures except major joint with CC,7,18240.87,11040.65,35011.86,14872.328,25052.604000000007,7,0.34833499039655913,653.9749999999985,1.6845112614514692
Swedish Edmonds,482,Hip and femur procedures except major joint without CC/MCC,4,13726.955,12555.19,22291.53,12883.6,19745.277000000002,4,0.2508786885719282,2549.682499999999,1.5325900369461953
Swedish Edmonds,483,Major joint/limb reattachment of upper extremities,3,21293.16,20925.37,21312.32,20998.928,21308.488,3,0.00840847286177692,193.47499999999854,1.0147417049098888
Swedish Edmonds,743,Uterine and adnexa procedures for non-malignancy,8,17852.53,8963.69,29093.24,9262.485,27367.523,8,0.4103500809326541,11988.927499999998,2.9546631384558246
Swedish Edmonds,768,Vaginal delivery with OR procedure,11,13191.68,4279.1,21422.22,4569.92,20296.06,11,0.5058454240328946,12887.619999999999,4.441228730481059
Swedish Edmonds,783,Cesarean section with sterilization with MCC,2,14202.025,6404.05,22000.0,7963.645,20440.405000000002,2,0.5490748678445504,7797.975,2.5667147392933765
Swedish Edmonds,784,Cesarean section with sterilization with CC,8,13269.525,5473.19,22000.0,6124.792,20251.343999999997,8,0.4680699514165949,12963.207499999997,3.3064541620352164
Swedish Edmonds,785,Cesarean section with sterilization without CC/MCC,8,14233.27,5473.19,19000.0,5531.416,17626.621,8,0.4435840616350711,11364.8175,3.186638104962635
Swedish Edmonds,786,Cesarean section without sterilization with MCC,11,22869.59,6987.32,34969.2,7864.84,31000.0,11,0.49143939100249295,20783.43,3.94159321740811
Swedish Edmonds,787,Cesarean section without sterilization with CC,14,14616.485,5240.53,22868.34,5551.307,21519.97,14,0.4645853524584814,12514.5075,3.8765591598519054
Swedish Edmonds,788,Cesarean section without sterilization without CC/MCC,17,14031.0,5473.19,33991.63,5671.268,20196.0,17,0.5358948538206111,10562.61,3.5611083799954435
Swedish Edmonds,797,Vaginal delivery with sterilization/D&C with CC,2,11250.734999999999,5168.3,17333.17,6384.787,16116.682999999999,2,0.5406255680184451,6082.4349999999995,2.5242318968510613
Swedish Edmonds,798,Vaginal delivery with sterilization/D&C without CC/MCC,3,5156.79,5134.21,14091.48,5138.726,12304.542,3,0.5188789848151613,4478.634999999998,2.3944732604929704
Swedish Edmonds,805,Vaginal delivery without sterilization/D&C with MCC,8,4765.389999999999,3604.62,22838.76,3724.621,20000.855,8,0.768020648024147,13527.310000000001,5.369903407621876
Swedish Edmonds,806,Vaginal delivery without sterilization/D&C with CC,14,10280.375,3604.62,13034.9,3704.177,12705.996000000001,14,0.4351595365360982,7235.782499999999,3.4301805772240366
Swedish Edmonds,807,Vaginal delivery without sterilization/D&C without CC/MCC,20,9581.130000000001,3197.63,13433.2,3340.764,11784.326000000001,20,0.3850797092746022,4425.6849999999995,3.527434443139354
Swedish Medical Center,163,Major chest procedures with MCC,14,75453.745,24584.4,189835.87,32128.728000000003,162332.184,14,0.6087799752422536,92940.2125,5.052555582032379
Swedish Medical Center,19301,Partial mastectomy (lumpectomy),1,8856.48,8856.48,8856.48,8856.48,8856.48,1,0.0,0.0,1.0
Swedish Medical Center,329,Major small and large bowel procedures with MCC,27,63539.27,29621.53,126979.8,43777.369999999995,101329.92800000001,27,0.3686842498539823,43158.380000000005,2.3146645858351023
Swedish Medical Center,349,Anal and stomal procedures without CC/MCC,6,10255.875,9238.49,56076.62,9514.494999999999,44183.865000000005,6,0.8241647148646182,16943.37,4.643847624072534
Swedish Medical Center,350,Inguinal and femoral hernia procedures with MCC,2,22828.22,22070.87,23585.57,22222.34,23434.1,2,0.033176042634949214,757.3500000000022,1.0545289109967717
Swedish Medical Center,377,GI hemorrhage with MCC,18,18366.015,11717.1,70362.18,12346.815,47683.505,18,0.6028053217305149,19251.7075,3.862008542283981
Swedish Medical Center,411,Cholecystectomy with CDE with MCC,3,41695.13,23711.22,97099.06,27308.002,86018.274,3,0.5765666849126728,36693.92,3.149929240520782
Swedish Medical Center,412,Cholecystectomy with CDE with CC,2,15535.330000000002,12063.28,19007.38,12757.69,18312.97,2,0.2234938041226031,3472.0499999999993,1.4354456018291712
Swedish Medical Center,417,Laparoscopic cholecystectomy with MCC,14,23281.385000000002,15212.52,59418.64,16370.711,53924.86300000001,14,0.48209061825197735,25199.947499999995,3.29398417698535
Swedish Medical Center,43239,Upper endoscopy (EGD) with biopsy,1,1828.8,1828.8,1828.8,1828.8,1828.8,1,0.0,0.0,1.0
Swedish Medical Center,45378,Colonoscopy diagnostic,1,1932.48,1932.48,1932.48,1932.48,1932.48,1,0.0,0.0,1.0
Swedish Medical Center,460,Spinal fusion except cervical without CC/MCC,6,84201.54000000001,35124.52,121054.54,49918.34,117517.1,6,0.34530751275214416,37276.645000000004,2.3541868579764476
Swedish Medical Center,466,Revision of hip or knee replacement with MCC,7,49926.81,29324.18,98430.37,35975.018000000004,91700.69200000001,7,0.4189304599239422,27139.145000000004,2.5490103159920587
Swedish Medical Center,467,Revision of hip or knee replacement with CC,10,33842.265,24823.92,110967.11,28941.366,103564.709,10,0.6033212947369091,25450.3425,3.5784319579110395
Swedish Medical Center,468,Revision of hip or knee replacement without CC/MCC,13,32711.29,24018.1,88347.74,24686.548,85719.76000000001,13,0.519954687133583,50076.40000000001,3.4723267100770836
Swedish Medical Center,469,Major joint replacement with MCC,5,30621.5,1761.6,57676.73,12658.376000000002,47472.302,5,0.5857140413967505,3162.119999999999,3.7502679648637387
Swedish Medical Center,470,Major joint replacement or reattachment of lower extremity,16,19761.925,2993.79,40241.67,14611.119999999999,38945.2,16,0.4451963609731821,9484.782499999998,2.6654493290042103
Swedish Medical Center,471,Cervical spinal fusion with MCC,2,120920.74,69676.82,172164.66,79925.604,161915.87600000002,2,0.4237810651836897,51243.92000000001,2.0258323728150995
Swedish Medical Center,472,Cervical spinal fusion with CC,3,45736.78,9764.93,69376.96,16959.3,64648.924000000006,3,0.5887987451801421,29806.015000000003,3.812004269044124
Swedish Medical Center,473,Cervical spinal fusion without CC/MCC,1,54244.25,54244.25,54244.25,54244.25,54244.25,1,0.0,0.0,1.0
Swedish Medical Center,480,Hip and femur procedures except major joint with MCC,7,28753.2,19749.63,51183.77,23597.898,38023.61600000001,7,0.3013841822248138,2319.8600000000006,1.6113136856511545
Swedish Medical Center,481,Hip and femur procedures except major joint with CC,14,20327.815,7148.46,59797.9,15355.269,56173.88400000001,14,0.5996043454678633,3849.4500000000007,3.6582806852813854
Swedish Medical Center,482,Hip and femur procedures except major joint without CC/MCC,14,15987.145,13699.18,51506.52,14295.114,37545.343,14,0.5000318242204236,18916.550000000003,2.626445861152279
Swedish Medical Center,483,Major joint/limb reattachment of upper extremities,13,25768.9,3285.11,81509.3,17765.312,53049.016,13,0.5849733444976012,22262.28,2.9861010040240217
Swedish Medical Center,583,Mastectomy for malignancy without CC/MCC,2,47788.159999999996,15231.06,80345.26,21742.48,73833.84,2,0.681279630770467,32557.1,3.395833409988189
Swedish Medical Center,64721,Carpal tunnel release,1,2892.0,2892.0,2892.0,2892.0,2892.0,1,0.0,0.0,1.0
Swedish Medical Center,734,Pelvic evisceration / radical hysterectomy,4,46420.455,25991.68,73747.66,31236.694,66433.11700000001,4,0.35516515996863457,16357.087500000001,2.126765303652173
Swedish Medical Center,736,Uterine and adnexa procedures for ovarian malignancy,7,89773.93,35901.48,128643.0,37081.482,124875.024,7,0.4093897698267597,53427.34999999999,3.3675844994544715
Swedish Medical Center,740,Uterine and adnexa procedures for non-ovarian malignancy with CC,12,20290.690000000002,14320.17,71067.71,16435.227,61256.366,12,0.6018602158988776,33496.955,3.727138420418532
Swedish Medical Center,743,Uterine and adnexa procedures for non-malignancy,15,22369.99,9898.43,46525.25,11004.508,37480.82,15,0.4862038190500179,19559.64,3.4059514518958958
Swedish Medical Center,768,Vaginal delivery with OR procedure,21,15680.95,4759.84,69185.76,4986.41,28418.24,21,0.8252544989037709,14026.539999999999,5.699138257784659
Swedish Medical Center,783,Cesarean section with sterilization with MCC,10,21844.955,7314.09,48789.86,8703.546,44113.450999999994,10,0.6163972175167375,29238.322500000002,5.068445780604824
Swedish Medical Center,784,Cesarean section with sterilization with CC,14,15026.335,7183.48,39259.68,7183.68,28563.551000000003,14,0.5487902822475975,15016.51,3.9761725188204378
Swedish Medical Center,785,Cesarean section with sterilization without CC/MCC,13,15126.0,6062.65,32000.0,6255.294,27663.264000000006,13,0.5773887955592293,13980.57,4.4223763103700655
Swedish Medical Center,786,Cesarean section without sterilization with MCC,20,22239.510000000002,9697.17,43514.36,10309.127,36536.023,20,0.43697484305453616,14467.302500000002,3.54404626114316
Swedish Medical Center,787,Cesarean section without sterilization with CC,22,17209.135,7277.45,34000.0,7623.99,27407.024,22,0.43165012513619183,11165.585,3.5948399722455044
Swedish Medical Center,788,Cesarean section without sterilization without CC/MCC,20,16337.89,5971.9,56386.2,6239.2080000000005,28665.833000000006,20,0.6720377171548759,12617.095000000001,4.594466637432188
Swedish Medical Center,796,Vaginal delivery with sterilization/D&C with MCC,3,7721.95,7369.95,27636.02,7440.349999999999,23653.206000000002,3,0.6650199692802843,10133.035,3.1790448029998593
Swedish Medical Center,797,Vaginal delivery with sterilization/D&C with CC,14,10954.630000000001,4120.35,21033.0,5671.826,20673.533,14,0.5103944125391342,12639.7575,3.644951907904086
Swedish Medical Center,798,Vaginal delivery with sterilization/D&C without CC/MCC,9,15970.87,3488.99,21871.96,3621.91,21200.792,9,0.5906555730454945,15335.519999999999,5.853483935271722
Swedish Medical Center,805,Vaginal delivery without sterilization/D&C with MCC,14,9991.060000000001,5033.06,22717.51,5535.599,20092.0,14,0.5260624872291803,12223.785,3.629598169954146
Swedish Medical Center,806,Vaginal delivery without sterilization/D&C with CC,21,10807.0,3933.06,20560.0,4120.35,17500.0,21,0.4740683010725954,8919.419999999998,4.247212008688582
Swedish Medical Center,807,Vaginal delivery without sterilization/D&C without CC/MCC,22,10868.48,3489.17,20560.0,3655.32,16646.528000000002,22,0.4601593377806472,5521.115,4.554054911745073
Swedish Medical Center Cherry Hill,163,Major chest procedures with MCC,15,78933.8,13074.79,174065.46,28703.128,152447.248,15,0.5863282534601063,77451.885,5.311171939169835
Swedish Medical Center Cherry Hill,19301,Partial mastectomy (lumpectomy),1,8856.48,8856.48,8856.48,8856.48,8856.48,1,0.0,0.0,1.0
Swedish Medical Center Cherry Hill,216,Cardiac valve and other major cardiothoracic procedures,16,102095.66,65625.62,332978.14,77268.24,285614.83,16,0.5612660418434205,113549.08000000002,3.6964065701509443
Swedish Medical Center Cherry Hill,231,Coronary bypass with PTCA with MCC,8,122162.605,68056.84,312432.77,78760.659,226457.37699999998,8,0.517990368178946,84040.99,2.875260058451263
Swedish Medical Center Cherry Hill,232,Coronary bypass with PTCA without MCC,2,70295.175,62861.62,77728.73,64348.331000000006,76242.019,2,0.10574772735113037,7433.554999999993,1.1848328902267875
Swedish Medical Center Cherry Hill,233,Coronary bypass with cardiac cath,13,91616.36,75406.17,330000.0,76096.35399999999,262125.8460000001,13,0.6250371716908413,47017.54999999999,3.4446570988144862
Swedish Medical Center Cherry Hill,267,Endovascular cardiac valve replacement,14,49587.854999999996,20212.54,161505.34,47124.941999999995,155945.269,14,0.6183104316080131,54848.24,3.309187499901857
Swedish Medical Center Cherry Hill,329,Major small and large bowel procedures with MCC,1,16133.27,16133.27,16133.27,16133.27,16133.27,1,0.0,0.0,1.0
Swedish Medical Center Cherry Hill,377,GI hemorrhage with MCC,4,17654.445,9018.28,18001.25,11518.348000000002,17987.99,4,0.24376050737125177,2699.649999999998,1.561681414730654
Swedish Medical Center Cherry Hill,43239,Upper endoscopy (EGD) with biopsy,1,1828.8,1828.8,1828.8,1828.8,1828.8,1,0.0,0.0,1.0
Swedish Medical Center Cherry Hill,45378,Colonoscopy diagnostic,1,1932.48,1932.48,1932.48,1932.48,1932.48,1,0.0,0.0,1.0
Swedish Medical Center Cherry Hill,460,Spinal fusion except cervical without CC/MCC,15,44735.76,35535.43,122916.87,35674.832,120954.252,15,0.522927851195872,69334.085,3.390464515712365
Swedish Medical Center Cherry Hill,471,Cervical spinal fusion with MCC,7,37239.95,26972.05,60137.34,30887.95,53146.05,7,0.24935852150367105,13137.470000000001,1.7206078745918716
Swedish Medical Center Cherry Hill,472,Cervical spinal fusion with CC,19,30729.02,16681.69,104966.78,23691.956,85945.616,19,0.5917922821276735,30089.579999999994,3.627628550382248
Swedish Medical Center Cherry Hill,473,Cervical spinal fusion without CC/MCC,11,29963.87,2717.46,86649.72,13152.24,86009.84,11,0.6768652924159957,32657.524999999998,6.539558280566657
Swedish Medical Center Cherry Hill,64721,Carpal tunnel release,1,2892.0,2892.0,2892.0,2892.0,2892.0,1,0.0,0.0,1.0
Swedish Medical Center Issaquah,19301,Partial mastectomy (lumpectomy),1,8856.48,8856.48,8856.48,8856.48,8856.48,1,0.0,0.0,1.0
Swedish Medical Center Issaquah,329,Major small and large bowel procedures with MCC,12,50744.465,28621.26,175998.33,36587.546,101381.767,12,0.5940037053719508,47275.827500000014,2.7709365093794482
Swedish Medical Center Issaquah,349,Anal and stomal procedures without CC/MCC,1,95420.25,95420.25,95420.25,95420.25,95420.25,1,0.0,0.0,1.0
Swedish Medical Center Issaquah,350,Inguinal and femoral hernia procedures with MCC,2,25920.379999999997,19809.84,32030.92,21031.948,30808.811999999998,2,0.23574268587111763,6110.539999999997,1.4648577487924561
Swedish Medical Center Issaquah,377,GI hemorrhage with MCC,10,16171.32,11606.28,60116.22,12794.964000000002,37042.70399999999,10,0.6333228303420612,8756.4475,2.8951002910207473
Swedish Medical Center Issaquah,417,Laparoscopic cholecystectomy with MCC,6,30665.705,13570.05,46108.36,20318.845,42210.119999999995,6,0.32528269826511663,9630.027499999997,2.0773877649049437
Swedish Medical Center Issaquah,43239,Upper endoscopy (EGD) with biopsy,1,1828.8,1828.8,1828.8,1828.8,1828.8,1,0.0,0.0,1.0
Swedish Medical Center Issaquah,45378,Colonoscopy diagnostic,1,1932.48,1932.48,1932.48,1932.48,1932.48,1,0.0,0.0,1.0
Swedish Medical Center Issaquah,460,Spinal fusion except cervical without CC/MCC,6,34116.045,25895.25,73030.27,28149.555,58824.270000000004,6,0.38948344243222494,11836.634999999995,2.0897051480920394
Swedish Medical Center Issaquah,467,Revision of hip or knee replacement with CC,1,28650.49,28650.49,28650.49,28650.49,28650.49,1,0.0,0.0,1.0
Swedish Medical Center Issaquah,468,Revision of hip or knee replacement without CC/MCC,3,25320.29,21873.93,31960.77,22563.202,30632.674,3,0.15865798604412107,5043.419999999998,1.3576386011169868
Swedish Medical Center Issaquah,469,Major joint replacement with MCC,2,44101.979999999996,30747.97,57455.99,33418.772000000004,54785.188,2,0.3027984231093479,13354.010000000002,1.63935371413408
Swedish Medical Center Issaquah,470,Major joint replacement or reattachment of lower extremity,1,16551.83,16551.83,16551.83,16551.83,16551.83,1,0.0,0.0,1.0
Swedish Medical Center Issaquah,472,Cervical spinal fusion with CC,2,34620.23,21918.8,47321.66,24459.086,44781.374,2,0.3668788451145472,12701.43,1.830868659605678
Swedish Medical Center Issaquah,473,Cervical spinal fusion without CC/MCC,3,47879.36,31461.8,68960.17,34745.312,64744.008,3,0.3104770470606469,18749.184999999998,1.8633883040106247
Swedish Medical Center Issaquah,480,Hip and femur procedures except major joint with MCC,8,22635.364999999998,16930.36,80618.18,17172.147,64447.12299999999,8,0.6737974626679302,15656.919999999995,3.75300322085526
Swedish Medical Center Issaquah,481,Hip and femur procedures except major joint with CC,8,17365.6,12562.71,37011.56,15314.564,36563.994,8,0.4156066679109182,6117.369999999999,2.3875308497192607
Swedish Medical Center Issaquah,482,Hip and femur procedures except major joint without CC/MCC,7,13718.36,12898.79,47765.98,13208.924,38259.094000000005,7,0.6030034150914196,9439.59,2.8964580309493795
Swedish Medical Center Issaquah,64721,Carpal tunnel release,1,2892.0,2892.0,2892.0,2892.0,2892.0,1,0.0,0.0,1.0
Swedish Medical Center Issaquah,740,Uterine and adnexa procedures for non-ovarian malignancy with CC,3,30958.06,7952.09,41967.6,12553.284000000001,39765.692,3,0.5256719980073228,17007.755,3.167752119684379
Swedish Medical Center Issaquah,743,Uterine and adnexa procedures for non-malignancy,5,15524.56,9396.57,42809.2,10776.342,34460.5,5,0.5797296180982144,9091.45,3.1977919780199997
Swedish Medical Center Issaquah,768,Vaginal delivery with OR procedure,12,17683.155,4070.34,27606.07,5932.780000000001,23947.94,12,0.4171798291091288,7282.307500000001,4.036546104861464
Swedish Medical Center Issaquah,783,Cesarean section with sterilization with MCC,3,37420.74,17352.0,123827.17,21365.748,106545.88399999999,3,0.7759519371626132,53237.58499999999,4.986761240467686
Swedish Medical Center Issaquah,784,Cesarean section with sterilization with CC,11,14679.04,5737.03,23639.0,6288.12,21974.11,11,0.4059729765112139,7771.779999999999,3.494543679191873
Swedish Medical Center Issaquah,785,Cesarean section with sterilization without CC/MCC,11,14679.04,5559.6,23461.85,6151.56,21542.07,11,0.3818679740824614,4010.040000000001,3.501887326141661
Swedish Medical Center Issaquah,786,Cesarean section without sterilization with MCC,13,20513.73,5736.79,37632.62,8927.246,33583.96,13,0.4863103709086211,16525.690000000002,3.761961975731374
Swedish Medical Center Issaquah,787,Cesarean section without sterilization with CC,18,15214.365000000002,6546.6,27000.0,6991.531,24115.681,18,0.4293261046148819,12047.462500000001,3.449270410157661
Swedish Medical Center Issaquah,788,Cesarean section without sterilization without CC/MCC,18,12188.2,5476.47,23639.0,5690.319,19561.600000000002,18,0.4381259845649597,9232.240000000002,3.4376983083022234
Swedish Medical Center Issaquah,797,Vaginal delivery with sterilization/D&C with CC,7,13006.14,5270.26,17993.84,6476.224,17359.136000000002,7,0.37202952662574834,7491.495000000001,2.6804409483056797
Swedish Medical Center Issaquah,798,Vaginal delivery with sterilization/D&C without CC/MCC,1,5270.26,5270.26,5270.26,5270.26,5270.26,1,0.0,0.0,1.0
Swedish Medical Center Issaquah,805,Vaginal delivery without sterilization/D&C with MCC,15,10807.0,3352.08,18000.0,5047.531999999999,17220.058,15,0.44034109205494043,8513.295,3.411579758186774
Swedish Medical Center Issaquah,806,Vaginal delivery without sterilization/D&C with CC,20,9380.425,3606.78,17149.96,3768.2250000000004,15643.600000000002,20,0.4417118388036434,4513.2275,4.151450616669653
Swedish Medical Center Issaquah,807,Vaginal delivery without sterilization/D&C without CC/MCC,24,9009.470000000001,3199.72,17226.87,3610.149,15019.669,24,0.4627566083591698,5430.005,4.160401412794874
UW Medical Center,163,Major chest procedures with MCC,20,69419.6,17611.08,178981.59,32220.161,103070.015,20,0.5388192420729546,46423.7175,3.1989292356422427
UW Medical Center,216,Cardiac valve and other major cardiothoracic procedures,13,138356.81,56418.8,444108.75,77494.27,404431.434,13,0.7060391243512897,234686.38,5.218855974770779
UW Medical Center,231,Coronary bypass with PTCA with MCC,1,171409.98,171409.98,171409.98,171409.98,171409.98,1,0.0,0.0,1.0
UW Medical Center,233,Coronary bypass with cardiac cath,3,83190.08,73597.21,214649.43,75515.784,188357.56,3,0.51974564121322,70526.11,2.4942806658803938
UW Medical Center,267,Endovascular cardiac valve replacement,27,65504.43,26230.65,705991.21,38095.478,124879.40400000001,27,1.290615738747558,53600.57000000001,3.2780637113937776
UW Medical Center,329,Major small and large bowel procedures with MCC,20,47091.604999999996,25691.48,130544.56,38527.187,86606.543,20,0.4240140033724069,37411.105,2.247933206231745
UW Medical Center,349,Anal and stomal procedures without CC/MCC,2,12014.08,9377.36,14650.8,9904.704,14123.456,2,0.21946915619007026,2636.7199999999975,1.425934182384451
UW Medical Center,377,GI hemorrhage with MCC,15,22975.52,12686.96,85527.92,16625.624,54305.01399999999,15,0.6922444604516429,13611.310000000005,3.266344409088043
UW Medical Center,411,Cholecystectomy with CDE with MCC,1,30061.76,30061.76,30061.76,30061.76,30061.76,1,0.0,0.0,1.0
UW Medical Center,416,Cholecystectomy except laparoscopic without CDE without CC/MCC,1,27149.86,27149.86,27149.86,27149.86,27149.86,1,0.0,0.0,1.0
UW Medical Center,417,Laparoscopic cholecystectomy with MCC,9,33723.99,11825.36,439448.64,18923.992000000002,124866.80000000008,9,1.7029591982295766,21299.859999999997,6.598332952159358
UW Medical Center,43239,Upper endoscopy (EGD) with biopsy,1,2503.4,2503.4,2503.4,2503.4,2503.4,1,0.0,0.0,1.0
UW Medical Center,45378,Colonoscopy diagnostic,1,2647.01,2647.01,2647.01,2647.01,2647.01,1,0.0,0.0,1.0
UW Medical Center,45385,Colonoscopy with polyp removal,1,2594.69,2594.69,2594.69,2594.69,2594.69,1,0.0,0.0,1.0
UW Medical Center,460,Spinal fusion except cervical without CC/MCC,16,59856.880000000005,33170.3,592120.87,33802.34,99576.265,16,1.4500740478054075,41232.92,2.9458394004675417
UW Medical Center,466,Revision of hip or knee replacement with MCC,4,58049.020000000004,46783.42,94415.75,47322.514,86346.31700000001,4,0.29815185339427647,26111.012499999997,1.8246350352392522
UW Medical Center,467,Revision of hip or knee replacement with CC,17,32789.43,4665.22,73809.52,14264.804000000002,63168.638,17,0.5002004685161814,26903.64,4.4282864314153905
UW Medical Center,468,Revision of hip or knee replacement without CC/MCC,11,25130.1,10668.98,52419.41,19721.8,49495.99,11,0.44513874509762363,25861.359999999993,2.509709559979312
UW Medical Center,469,Major joint replacement with MCC,6,30833.515,20007.76,122606.92,22906.08,76824.09,6,0.8177161320100819,3974.2424999999967,3.3538732947758843
UW Medical Center,470,Major joint replacement or reattachment of lower extremity,19,21711.37,13165.82,98572.66,15574.362,71782.43199999997,19,0.7291949780641775,25149.295000000002,4.609012683794044
UW Medical Center,471,Cervical spinal fusion with MCC,4,46951.1,29267.19,74372.37,34278.408,66439.944,4,0.3269525156459009,12746.069999999992,1.938244739954084
UW Medical Center,472,Cervical spinal fusion with CC,16,32283.53,4362.58,131147.38,27166.285,56937.880000000005,16,0.643042284748948,25263.9025,2.09590232893456
UW Medical Center,473,Cervical spinal fusion without CC/MCC,4,32886.97,22331.48,44823.51,22556.789,44183.886,4,0.3176294731712144,20329.6975,1.9587843819437243
UW Medical Center,480,Hip and femur procedures except major joint with MCC,9,27706.06,23978.42,64025.9,25794.836,59390.372,9,0.4090810539803709,25261.57,2.3024132427126114
UW Medical Center,481,Hip and femur procedures except major joint with CC,20,22865.395,3062.83,105988.09,18319.023,38479.62100000001,20,0.6939763662488333,15011.9925,2.100528013966684
UW Medical Center,482,Hip and femur procedures except major joint without CC/MCC,7,15193.39,14052.96,55370.51,14201.484,41192.80400000001,7,0.5684817389773642,16731.359999999997,2.9005985571648716
UW Medical Center,483,Major joint/limb reattachment of upper extremities,11,29549.15,23089.6,51772.58,23226.76,49641.77,11,0.3240651098727608,18707.630000000005,2.13726623945828
UW Medical Center,582,Mastectomy for malignancy with CC/MCC,3,78257.32,28731.44,113717.52,38636.616,106625.48000000001,3,0.4737535183023939,42493.04000000001,2.759700280169464
UW Medical Center,583,Mastectomy for malignancy without CC/MCC,2,30668.99,27225.97,34112.01,27914.574,33423.406,2,0.11226388609471653,3443.019999999997,1.1973460888208434
UW Medical Center,734,Pelvic evisceration / radical hysterectomy,7,38186.37,17205.05,43219.86,19109.144,40859.298,7,0.29203061142847847,14297.29,2.1382066093593726
UW Medical Center,736,Uterine and adnexa procedures for ovarian malignancy,7,36777.22,14525.76,135265.86,26509.104,100652.81400000001,7,0.6747772561763729,29516.229999999996,3.796914976832111
UW Medical Center,740,Uterine and adnexa procedures for non-ovarian malignancy with CC,10,30952.045,12085.54,40991.58,16377.649,40942.107,10,0.35897154502120016,14862.9175,2.49987693593873
UW Medical Center,743,Uterine and adnexa procedures for non-malignancy,16,18059.77,11027.29,27918.81,11125.23,24848.565000000002,16,0.3175869022442671,10642.5075,2.2335326999981127
UW Medical Center,768,Vaginal delivery with OR procedure,16,15414.77,5094.5,20961.18,6744.5599999999995,19583.315000000002,16,0.369215424596605,8538.432499999999,2.903571915736535
UW Medical Center,783,Cesarean section with sterilization with MCC,13,28239.37,11328.3,88853.27,13053.774000000001,38774.548,13,0.6430928324865904,18112.4,2.9703707142470828
UW Medical Center,784,Cesarean section with sterilization with CC,16,16977.185,7204.72,24899.4,8511.470000000001,21462.85,16,0.3545066499151973,10901.587500000003,2.52163844788268
UW Medical Center,785,Cesarean section with sterilization without CC/MCC,14,16188.855,7312.44,20594.25,7420.86,18818.051,14,0.3278479602567781,8671.744999999999,2.5358315613015203
UW Medical Center,786,Cesarean section without sterilization with MCC,20,21568.845,11852.9,34365.02,12210.632000000001,28396.791000000005,20,0.3321691492970687,14480.325,2.325579134642662
UW Medical Center,787,Cesarean section without sterilization with CC,19,15293.51,4443.45,25407.41,8943.986,22042.16,19,0.39134204782604615,9761.77,2.464467184988885
UW Medical Center,788,Cesarean section without sterilization without CC/MCC,19,13505.1,7232.04,24941.21,7434.536,18925.516,19,0.3471123391018685,6710.710000000003,2.54562167699504
UW Medical Center,796,Vaginal delivery with sterilization/D&C with MCC,4,18787.125,10497.57,29417.62,12946.833,26266.075,4,0.3466477361971223,4918.029999999999,2.0287644862647105
UW Medical Center,797,Vaginal delivery with sterilization/D&C with CC,7,15248.64,6829.64,19901.07,7451.63,17703.492000000002,7,0.31863898633008875,5196.4,2.375787847759484
UW Medical Center,798,Vaginal delivery with sterilization/D&C without CC/MCC,8,8530.325,6504.24,13389.34,6640.831,12957.678,8,0.2908227037054921,5606.8324999999995,1.9512133345962275
UW Medical Center,805,Vaginal delivery without sterilization/D&C with MCC,18,14363.195,5714.34,34173.32,6525.041,18108.35,18,0.4678830783480302,9100.599999999999,2.7752086155473963
UW Medical Center,806,Vaginal delivery without sterilization/D&C with CC,20,9536.470000000001,4762.99,15588.29,4858.25,14120.189,20,0.3651143377476637,6590.199999999999,2.9064352390263983
UW Medical Center,807,Vaginal delivery without sterilization/D&C without CC/MCC,19,9063.0,4309.71,15055.32,4643.058,12140.4,19,0.340486270443928,4618.85,2.6147422668422404
